Name,Description,ColorHex,Emoji
Art,Paintings and decorative items,#D8BFDB,🎨
Bathroom,"Towels, toiletries, and accessories",#A5D8D8,🚿
Books,Books and magazines,#AAD6E5,📚
Clothing,Clothes and accessories,#AFE0E5,👕
Collectibles,"Figurines, stamps, and memorabilia",#C6B2D6,🏆
Decorative,Home decor and ornamental items,#E5CCE5,🏺
Documents,Important papers and files,#DDDDDD,📄
Electronics,"Computers, phones, and gadgets",#F29B9B,📱
Furniture,"Chairs, tables, and storage",#D1B58C,🪑
Gardening,"Plants, pots, and garden tools",#99CC99,🌱
Jewelry,"Watches, necklaces, and rings",#E5D899,💍
Kitchen,Appliances and cookware,#BADDAD,🍳
Media,"DVDs, CDs, and physical media",#B2A5BF,💿
Memorabilia,Personal mementos and keepsakes,#D8CCB2,🎞️
Pet Supplies,"Pet food, toys, and accessories",#CCE5BF,🐾
Seasonal,Holiday decorations and items,#EAB2B2,🎄
Sports,Exercise and sports equipment,#F4C18E,🏀
Technology,"Chargers, cables, and accessories",#BFBFF2,💻
Tools,Hand tools and power tools,#CCCCD3,🔧
Toys,Children's toys and games,#EFD1A5,🧸